"Position","Chicken_HBB","Andean_goose_HBB","Cinereous_vulture_HBB","Bar_headed_goose_HBB","Greylag_goose_HBB","Human_HBB"
1,"M","-","-","-","-","M"
4,"W","W","W","W","W","L"
5,"T","T","T","S","S","T"
6,"A","A","A","A","A","P"
10,"Q","Q","Q","Q","Q","S"
11,"L","L","L","L","L","A"
12,"I","I","I","I","I","V"
14,"G","G","G","G","G","A"
22,"A","A","A","A","A","D"
23,"E","D","D","D","D","E"
24,"C","C","C","C","C","V"
26,"A","A","A","A","A","G"
30,"A","A","A","A","A","G"
34,"I","I","I","I","I","V"
44,"A","A","A","S","S","E"
48,"N","N","N","N","N","D"
51,"S","S","S","S","S","T"
53,"T","T","T","T","T","D"
55,"I","I","I","I","I","V"
56,"L","S","I","L","L","M"
60,"M","M","M","M","M","K"
62,"R","R","R","R","R","K"
70,"T","T","T","T","T","G"
71,"S","S","S","S","S","A"
73,"G","G","G","G","G","S"
74,"D","D","E","D","D","D"
75,"A","A","A","A","A","G"
76,"V","V","V","V","V","L"
77,"K","K","K","K","K","A"
78,"N","N","N","N","N","H"
82,"I","I","I","I","I","L"
84,"N","N","N","N","N","G"
87,"S","S","A","A","A","A"
88,"Q","Q","Q","Q","Q","T"
109,"D","D","D","D","D","N"
110,"I","I","I","I","I","V"
112,"I","I","I","I","I","V"
113,"I","I","I","I","I","C"
117,"A","A","A","A","A","H"
120,"S","T","G","A","A","G"
122,"D","D","D","E","E","E"
124,"T","T","S","T","T","T"
126,"E","D","D","D","E","P"
127,"C","C","C","C","C","V"
131,"W","W","W","W","W","Y"
134,"L","L","L","L","L","V"
136,"R","R","R","R","R","A"
137,"V","V","A","V","V","G"
140,"H","H","H","H","H","N"
144,"R","R","R","R","R","H"
